treatment,nic_dose,time,speed,length
dev,ctrl,4.2,9.523809524,0.67
dev,ctrl,4.2,9.523809524,0.64
adult,ctrl,4.5,8.888888889,NA
adult,ctrl,4.1,9.756097561,NA
dev,0.01,4.8,8.333333333,0.67
dev,0.01,4.6,8.695652174,0.64
adult,0.01,4.9,8.163265306,NA
adult,0.01,4.5,8.888888889,NA
dev,0.5,5,8,0.67
dev,0.5,5.2,7.692307692,0.64
adult,0.5,4.9,8.163265306,NA
adult,0.5,4.8,8.333333333,NA
dev,0.1,5.3,7.547169811,0.67
dev,0.1,5.4,7.407407407,0.64
adult,0.1,5,8,NA
adult,0.1,5,8,NA